 
{
    "appetizer": [
        {
            "id": "1",
            "image_url": "https://drive.google.com/file/d/1gNAQXsAMCbbyCIe4_EkLOgHXAb2xUA4z/view?usp=sharing",
            "title": "Creamy Dill Cucumber Toasties",
            "calorie": "247 cal",
            "ingridient": "1 (8 ounce) package cream cheese, softened\n 1 (.7 ounce) package dry Italian-style salad dressing mix\n ½ cup mayonnaise\n 1 French baguette, cut into 1/2 inch thick circles\n 1 cucumber, sliced\n 2 teaspoons dried dill weed",
            "method": "In a medium bowl, mix together cream cheese, dressing mix and mayonnaise.\n Spread a thin layer of the cream cheese mixture on a slice of bread, and top with a slice of cucumber. Sprinkle with dill. Repeat with remaining ingredients.",
            "sugar" : "2.2g",
            "fibre" : "1g",
            "protein" : "6.1g",
            "salt" : "619mg",
            "calorie" : "247",
            "fat" : "14.5g",
            "saturates" : "5.4g",
            "carbs" : "23.7g"
        },
        {
            "id": "2",
            "image_url": "https://drive.google.com/file/d/1qOKyqY4ToT5oINEL8-xmMe9qjlkY9f-U/view?usp=sharing",
            "title": "Strawberry Bruschetta",
            "calorie": "120 cal",
            "ingridient": "24 slices French baguette\n 1 tablespoon butter, softened\n 2 cups chopped fresh strawberries\n ¼ cup white sugar, or as needed" ,
            "method": "Preheat your oven's broiler. Spread a thin layer of butter on each slice of bread. Arrange bread slices in a single layer on a large baking sheet.\n Place bread under the broiler for 1 to 2 minutes, just until lightly toasted. Spoon some chopped strawberries onto each piece of toast, then sprinkle sugar over the strawberries.\n Place under the broiler again until sugar is caramelized, 3 to 5 minutes. Serve immediately.",
            "sugar" : "6.2g",
            "fibre" : "1.2g",
            "protein" : "3.7g",
            "salt" : "202.1mg",
            "calorie" : "120",
            "fat" : "1.6g",
            "saturates" : "0.8g",
            "carbs" : "23.1g"
        },
        {
            "id": "3",
            "image_url": "https://drive.google.com/file/d/1OsCyvm2e9556a_jy7SZZy57BlVxzs6vT/view?usp=sharing",
            "title": "Caprese on a Stick",
            "calorie": "215 cal",
            "ingridient": "1 pint cherry tomatoes, halved\n 1 (.6 ounce) package fresh basil leaves\n 1 (16 ounce) package small fresh mozzarella balls\n toothpicks\n 3 tablespoons olive oil\n salt and pepper to taste",
            "method" : "Thread a tomato half, a small piece of basil leaf, and a mozzarella ball onto toothpicks until all ingredients are used.\n Drizzle the olive oil over the tomato, cheese and basil, leaving the end of the toothpick clean.\n Sprinkle with salt and pepper.",
            "sugar" : "1.3g",
            "fibre" : "0.4g",
            "protein" : "10.5g",
            "salt" : "84.7mg",
            "calorie" : "215",
            "fat" : "17.4g",
            "saturates" : "8.8g",
            "carbs" : "3g"
        },
        {
            "id": "4",
            "image_url": "https://drive.google.com/file/d/1ugFuQuK8jfk3KSJA-C7tXAJqUkuzMGLB/view?usp=sharing",
            "title": "Zucchini-Parmesan Cheese Fritters",
            "calorie": "138 cal",
            "ingridient": "3 large zucchini, finely grated\n ½ teaspoon salt\n 1 egg\n 5 tablespoons all-purpose flour\n 4 tablespoons Parmesan cheese\n ¼ teaspoon salt\n ground black pepper to taste\n oil for frying\n 1 tablespoon grated Parmesan cheese, or to taste\n 1 pinch salt\n ¼ cup sour cream, for topping",
            "method": "Combine zucchini and salt in a bowl and stir to combine. Set aside for 10 minutes. Pour mixture onto a clean dish towel or cheesecloth and squeeze to drain completely.\n Whisk egg in a bowl and add flour, Parmesan cheese, salt, and pepper. Stir in drained zucchini and mix well.\n Heat oil in a medium-sized pan over medium-high heat. Add batter by the tablespoon. Cook fritters until golden brown on both sides, about 5 minutes per batch. Transfer to a serving plate and sprinkle with Parmesan cheese and salt. Serve immediately with sour cream.",
            "sugar" : "1.8g",
            "fibre" : "1.2g",
            "protein" : "3.4g",
            "salt" : "248mg",
            "calorie" : "138",
            "fat" : "11.4g",
            "saturates" : "2.5g",
            "carbs" : "6.7g"
        },
        {
            "id": "5",
            "image_url": "https://drive.google.com/file/d/1g4Qeqxt2wtYrwAYAi88YjEa9G1u6T55y/view?usp=sharing",
            "title": "Cinco de Mayo Salsa Cruda",
            "calorie": "48 cal",
            "ingridient": "1½ pounds cherry or grape tomatoes, diced\n ½ cup finely diced onion\n 1 jalapeno chile peppers, seeded and minced\n 1 serrano chile pepper, seeded and minced\n 2 cloves garlic, minced\n 2 tablespoons lime juice\n ¼ teaspoon dried oregano\n 1 pinch cayenne pepper, or more to taste\n 1 teaspoon salt, or to taste\n 1 pinch white sugar\n 2 tablespoons minced fresh mint leaves\n ½ bunch fresh cilantro, chopped\n salt to taste",
            "method": "Drain tomatoes in a strainer for 15 minutes.\n Combine tomatoes, onion, jalapeno pepper, serrano pepper, and garlic in a large bowl. Pour lime juice over the top. Stir in oregano, cayenne pepper, salt, sugar, mint, and cilantro. Refrigerate for 1 hour. Season with salt to taste.",
            "sugar" : "6g",
            "fibre" : "2.8g",
            "protein" : "2.1g",
            "salt" : "549.5mg",
            "calorie" : "48",
            "fat" : "0.5g",
            "saturates" : "0.1g",
            "carbs" : "10.6g"
        },
        {
            "id": "6",
            "image_url": "https://drive.google.com/file/d/1Z7kgU0nsCZGTnSigt-riij0s2MBw3IdM/view?usp=sharing",
            "title": "Baby BLT",
            "calorie": "71 cal",
            "ingridient": "1 pound bacon, cooked and crumbled\n ½ cup mayonnaise\n ¼ cup green onions, chopped\n 2 tablespoons chopped fresh parsley\n 24 cherry tomatoes",
            "method": "Place bacon in a large, deep skillet. Cook over medium-high heat for 6 to 8 minutes, or until evenly brown. Once cooled, crumble and set aside.\n In a bowl, stir together mayonnaise, bacon, green onions, and parsley until well blended. Set aside.\n Cut a small slice from the top of each tomato. Using a melon baller or small spoon, scoop out the inside of each tomato and discard. Fill each tomato with the bacon mixture, and refrigerate for 1 hour. Serve chilled.",
            "sugar" : "0.1g",
            "fibre" : "0.2g",
            "protein" : "2.5g",
            "salt" : "172.1mg",
            "calorie" : "71",
            "fat" : "6.3g",
            "saturates" : "1.4g",
            "carbs" : "1.1g"
        },
        {
            "id": "7",
            "image_url": "https://drive.google.com/file/d/1mgj_bbDlnhygcfHlVoVEZQtJPTg94OTz/view?usp=sharing",
            "title": "Grilled Jalapeno Poppers",
            "calorie": "164 cal",
            "ingridient": "8 ounces cream cheese\n 2 tablespoons grated Parmesan cheese\n 1½ teaspoons garlic powder\n 1 ½ cups shredded Cheddar cheese\n 16 whole jalapeno peppers with stems\n 8 slices bacon, cut in half crosswise",
            "method": "Preheat an outdoor grill for medium heat, and lightly oil the grate.\n Mix together the cream cheese, Parmesan cheese, garlic powder, and Cheddar cheese in a bowl until the mixture is thoroughly blended.\n Lay a jalapeno pepper onto a work surface, and cut a lengthwise sliver from the side of the pepper, exposing the seeds and white membrane. With the handle of a teaspoon, scrape out the seeds and membrane, leaving the hollow pepper. Repeat for the rest of the peppers. Chop up the pepper slices, and mix into the cheese stuffing. Stuff each pepper with cheese mixture, and wrap each stuffed pepper in a half bacon slice. Secure with toothpicks.\n Grill the poppers on a less-hot part of the grill until the peppers are hot and juicy and the bacon is browned, 30 to 40 minutes.",
            "sugar" : "0.6g",
            "fibre" : "0.4g",
            "protein" : "5.8g",
            "salt" : "234.1mg",
            "calorie" : "164",
            "fat" : "15g",
            "saturates" : "7.6g",
            "carbs" : "1.6g"
        },
        {
            "id": "8",
            "image_url": "https://drive.google.com/file/d/18WQXJbp09P9dHyqZf27NI-dzTF4WjAbD/view?usp=sharing",
            "title": "Peaches with Burrata, Basil, and Raspberry Balsamic Syrup",
            "calorie": "159 cal",
            "ingridient": "1 (4 ounce) ball Burrata cheese, at room temperature\n 1 peach, sliced\n 1 tablespoon thinly sliced fresh basil leaves\n 2 tablespoons extra-virgin olive oil\n 3 tablespoons raspberry balsamic vinegar\n flaked sea salt\n 1 pinch freshly ground black pepper",
            "method": "Gently tear open the Burrata cheese to expose the soft, creamy core and place it in the middle of a plate. Arrange peach slices in and around the cheese. Sprinkle basil leaves over cheese and top with olive oil.\n Bring raspberry balsamic vinegar to a boil in a small saucepan; reduce heat to medium-low and simmer until vinegar reduces to a thick syrup, about 5 minutes. Spoon balsamic syrup over peaches and cheese; season with sea salt and black pepper.",
            "sugar" : "1.5g",
            "fibre" : "0.1g",
            "protein" : "4.1g",
            "salt" : "175.7g",
            "calorie" : "159",
            "fat" : "12.8g",
            "saturates" : "4.9g",
            "carbs" : "3.9g"
        },
        {
            "id": "9",
            "image_url": "https://drive.google.com/file/d/1dfNAF6Jkw7SyoRi9LS83wSP9K3gLsFX7/view?usp=sharing",
            "title": "Vietnamese Fresh Spring Rolls",
            "calorie": "82 cal",
            "ingridient": "2 ounces rice vermicelli\n 8 rice wrappers (8.5 inch diameter)\n 8 large cooked shrimp - peeled, deveined and cut in half\n 1 ⅓ tablespoons chopped fresh Thai basil\n 3 tablespoons chopped fresh mint leaves\n 3 tablespoons chopped fresh cilantro\n 2 leaves lettuce, chopped\n 4 teaspoons fish sauce\n ¼ cup water\n 2 tablespoons fresh lime juice\n 1 clove garlic, minced\n 2 tablespoons white sugar\n ½ teaspoon garlic chili sauce\n 3 tablespoons hoisin sauce\n 1 teaspoon finely chopped peanuts",
            "method": "Bring a medium saucepan of water to boil. Boil rice vermicelli 3 to 5 minutes, or until al dente, and drain.\n Fill a large bowl with warm water. Dip one wrapper into the hot water for 1 second to soften. Lay wrapper flat. In a row across the center, place 2 shrimp halves, a handful of vermicelli, basil, mint, cilantro and lettuce, leaving about 2 inches uncovered on each side. Fold uncovered sides inward, then tightly roll the wrapper, beginning at the end with the lettuce. Repeat with remaining ingredients.\n In a small bowl, mix the fish sauce, water, lime juice, garlic, sugar and chili sauce.\n In another small bowl, mix the hoisin sauce and peanuts.\n Serve rolled spring rolls with the fish sauce and hoisin sauce mixtures.",
            "sugar" : "5.2g",
            "fibre" : "0.6g",
            "protein" : "3.3g",
            "salt" : "305.4mg",
            "calorie" : "82",
            "fat" : "0.7g",
            "saturates" : "0.1g",
            "carbs" : "15.8g"
        }
    ]
}