 
{
    "dessert": [
        {
            "id": "1",
            "image_url": "https://drive.google.com/file/d/1UGJBTcsFyA0kfg2D1h5idaXSHrCKroTX/view?usp=sharing",
            "title": "Cherry Cobbler II",
            "calorie": "238 cal",
            "ingridient": "½ cup butter\n 1 cup all-purpose flour\n 1 cup white sugar\n 1 teaspoon baking powder\n 1 cup milk\n 1 (21 ounce) can cherry pie filling",
            "method": "Preheat oven to 275 degrees F (135 degrees C). Place butter or margarine in a 9x13 inch baking dish and set on oven rack to melt.\n In a medium bowl, mix together flour, sugar, and baking powder. Stir in milk.\n Remove baking dish from oven as soon as butter or margarine is melted. Pour flour mixture into dish, but DO NOT STIR. Pour fruit evenly into pan, and DO NOT STIR.\n Raise oven temperature to 350 degrees F (175 degrees C). Bake cobbler for 50 to 60 minutes, until golden brown.",
            "sugar" : "17.6g",
            "fibre" : "0.6g",
            "protein" : "2g",
            "salt" : "112.6g",
            "calorie" : "238",
            "fat" : "8.2g",
            "saturates" : "5.1g",
            "carbs" : "39.6g"
        },
        {
            "id": "2",
            "image_url": "https://drive.google.com/file/d/1p33trqcVYTW_RcwQsPZFRnx9aP9qtch9/view?usp=sharing",
            "title": "Ice Cream Sandwich Cake",
            "calorie": "576 cal",
            "ingridient": "24 vanilla ice cream sandwiches, unwrapped\n 2 (8 ounce) containers whipped topping (such as Cool Whip®), thawed\n 1 (12 ounce) jar hot fudge ice cream topping, warmed\n 1 (12 ounce) jar caramel ice cream topping\n ¼ cup chopped pecans, or to taste",
            "method": "Arrange a layer of ice cream sandwiches in the bottom of a 9x13-inch dish; top with a layer of whipped topping, hot fudge topping, and caramel topping. Repeat layering with remaining ice cream sandwiches, whipped topping, hot fudge topping, and caramel topping, ending with a top layer of whipped topping. Sprinkle with pecans.\n Cover the dish with aluminum foil and freeze until set, about 30 minutes.",
            "sugar" : "47.7g",
            "fibre" : "2.4g",
            "protein" : "6.5g",
            "salt" : "335.7mg",
            "calorie" : "576",
            "fat" : "24.8g",
            "saturates" : "16.1g",
            "carbs" : "85.4g"
        },
        {
            "id": "3",
            "image_url": "https://drive.google.com/file/d/1qU6GRGW0sCfC6wlgFYq5kvLQsPLPV5BU/view?usp=sharing",
            "title": "Rhubarb Strawberry Crunch",
            "calorie": "253 cal",
            "ingridient": "1 cup white sugar\n 3 tablespoons all-purpose flour\n 3 cups sliced fresh strawberries\n 3 cups diced rhubarb\n 1 ½ cups all-purpose flour\n 1 cup packed brown sugar\n 1 cup butter\n 1 cup rolled oats",
            "method": "Preheat oven to 375 degrees F (190 degrees C).\n In a large bowl, mix white sugar, 3 tablespoons flour, strawberries, and rhubarb. Place the mixture in a 9x13 inch baking dish.\n Mix 1 1/2 cups flour, brown sugar, butter, and oats until crumbly. You may want to use a pastry blender for this. Crumble on top of the rhubarb and strawberry mixture.\n Bake 45 minutes in the preheated oven, or until crisp and lightly browned.",
            "sugar" : "24.6g",
            "fibre" : "1.7g",
            "protein" : "2.3g",
            "salt" : "77.7mg",
            "calorie" : "253",
            "fat" : "10.8g",
            "saturates" : "6.6g",
            "carbs" : "38.1g"
        },
        {
            "id": "4",
            "image_url": "https://drive.google.com/file/d/1TpzO7amPVfU-zk7-z_lKAnssOSioyIs6/view?usp=sharing",
            "title": "Buttermilk Strawberry Shortcake",
            "calorie": "322 cal",
            "ingridient": "3 cups all-purpose flour\n 4 teaspoons baking powder\n 1 teaspoon baking soda\n ⅓ cup white sugar\n 1½ teaspoons salt\n ¾ cup chilled unsalted butter, cut into small pieces\n 1 cup buttermilk\n 2 tablespoons heavy cream\n ¼ cup turbinado sugar\n 8 cups sliced fresh strawberries\n ¼ cup white sugar\n 1 tablespoon lemon juice",
            "method": "Preheat the oven to 425 degrees F (220 degrees C).\n Line a baking sheet with parchment paper.\n Whisk together flour, baking powder, baking soda, 1/3 cup white sugar, and salt in a mixing bowl.\n Cut in cold butter with a knife or pastry blender until the mixture resembles coarse crumbs. (If desired, place flour mixture into the work bowl of a food processor with the butter; pulse several times to cut butter into the flour mixture. Transfer mixture to a mixing bowl, and proceed.)\n Stir in buttermilk until the flour mixture is moistened.\n Drop 1/3-cup scoops of the dough 2 inches apart onto the prepared baking sheet.\n Brush biscuits with heavy cream and sprinkle generously with turbinado sugar.\n Bake in the preheated oven until golden brown, 15 to 20 minutes.\n Mix together the sliced strawberries, 1/4 cup white sugar, and lemon juice in a large bowl. Allow berries to rest until juices develop, about 30 minutes.\n Serve the strawberries with juice over the biscuits.",
            "sugar" : "20.1g",
            "fibre" : "3.1g",
            "protein" : "4.8g",
            "salt" : "585.4mg",
            "calorie" : "322",
            "fat" : "13.2g",
            "saturates" : "8g",
            "carbs" : "47.6g"
        },
        {
            "id": "5",
            "image_url": "https://drive.google.com/file/d/1-3u_jLxj5WETEx4GIWpINl-zCEeSgEkT/view?usp=sharing",
            "title": "",
            "calorie": "225 cal",
            "ingridient": "",
            "method": "",
            "sugar" : "10g",
            "fibre" : "2.5g",
            "protein" : "7.8g",
            "salt" : "71.3mg",
            "calorie" : "225",
            "fat" : "7.2g",
            "saturates" : "1.5g",
            "carbs" : "32g"
        },
        {
            "id": "6",
            "image_url": "https://drive.google.com/file/d/1GZlQiLMs4bjkgwkstTJR0ByXxEwNGD-F/view?usp=sharing",
            "title": "Fluffy French Toast",
            "calorie": "123 cal",
            "ingridient": "",
            "method": "",
            "sugar" : "10g",
            "fibre" : "0.8g",
            "protein" : "4.8g",
            "salt" : "230.2mg",
            "calorie" : "123",
            "fat" : "2.7g",
            "saturates" : "0.9g",
            "carbs" : "19.4g"
        },
        {
            "id": "7",
            "image_url": "https://drive.google.com/file/d/1eeAuasuOTwZOSX9oe3AHapn0KGka59_-/view?usp=sharing",
            "title": "Wonton Soup",
            "calorie": "145 cal",
            "ingridient": "",
            "method": "",
            "sugar" : "10g",
            "fibre" : "0.5g",
            "protein" : "9.9g",
            "salt" : "588.8mg",
            "calorie" : "145",
            "fat" : "4.2g",
            "saturates" : "1.3g",
            "carbs" : "15.3g"
        },
        {
            "id": "8",
            "image_url": "https://drive.google.com/file/d/1_1vyyrLGjs4TXi0V9EprZbZaBEnNZK0T/view?usp=sharing",
            "title": "Spicy Lime Grilled Shrimp",
            "calorie": "69 cal",
            "ingridient": "",
            "method": "",
            "sugar" : "10g",
            "fibre" : "0.5g",
            "protein" : "9.5g",
            "salt" : "632.5,g",
            "calorie" : "69",
            "fat" : "2.3g",
            "saturates" : "0.4g",
            "carbs" : "2.2g"
        },
        {
            "id": "9",
            "image_url": "https://drive.google.com/file/d/1sDPr8slGbNXxeVsF1EFSO7aAFwyQfWPE/view?usp=sharing",
            "title": "Penne with Chicken and Asparagus",
            "calorie": "332 cal",
            "ingridient": "",
            "method": "",
            "sugar" : "10g",
            "fibre" : "3.1g",
            "protein" : "16.7g",
            "salt" : "68.7mg",
            "calorie" : "332",
            "fat" : "10.9",
            "saturates" : "2g",
            "carbs" : "43.3g"
        }
    ]
}