 
{
    "mainCourse": [
        {
            "id": "1",
            "image_url": "https://drive.google.com/file/d/19XL3ewEDHNJzL7cJ219uhVCuR9uYSZuJ/view?usp=sharing",
            "title": "Carrot and Cabbage Clear Vegetables",
            "calorie": "165 cal",
            "ingridient": "100 grams of cabbage\n 2 carrots\n 1 scallion\n 1 stalk celery\n Fried onion\n 3 cloves garlic\n 1 clove of red onion\n Salt\n Sugar\n Chicken stock powder\n Pepper powder\n 2 liters of water",
            "method": "Prepare all the ingredients.\n Heat the water until it boils then add the garlic, onion and salt to taste.\n Add carrots to boiling water, boil until quite tender.\n Add cabbage, leeks and celery to the dish.\n Add ground pepper, sugar and chicken stock powder to taste\n Stir all the ingredients and cook until boiling, finally add the fried shallots.\n Remove the cooked clear vegetables, serve while still warm with white rice.",
            "sugar" : "10g",
            "fibre" : "30g",
            "protein" : "22g",
            "salt" : "5g",
            "fat" : "27g",
            "saturates" : "12g",
            "carbs" : "14g"
        },
        {
            "id": "2",
            "image_url": "https://drive.google.com/file/d/14zhbQOBDfrWW17df1qB8-pZXkFSRXR0X/view?usp=sharing",
            "title": "Grilled Chicken Breasts",
            "calorie": "139 cal",
            "ingridient": "1 skinless, boneless chicken breast halves\n 2 tablespoons lemon juice\n ⅛ teaspoon onion powder\n ground black pepper to taste\n seasoning salt to taste\n ½ teaspoon dried parsley" ,
            "method": "Preheat an outdoor grill for medium-high heat, and lightly oil grate.\n Dip chicken in lemon juice, and sprinkle with the onion powder, ground black pepper, seasoning salt and parsley. Discard any remaining lemon juice.\n Cook on the prepared grill 10 to 15 minutes per side, or until no longer pink and juices run clear.",
            "sugar" : "0.8g",
            "fibre" : "0.2g",
            "protein" : "27.4g",
            "salt" : "78.2mg",
            "fat" : "1.5g",
            "saturates" : "0.4g",
            "carbs" : "3g"
        },
        {
            "id": "3",
            "image_url": "https://drive.google.com/file/d/17G0vsx5-Y9UveF7uQtmAL65h49Qj_plM/view?usp=sharing",
            "title": "Homemade Black Bean Veggie Burgers",
            "calorie": "198 cal",
            "ingridient": "cooking spray\n 1 (16 ounce) can black beans, drained and rinsed\n ½ green bell pepper, cut into 2 inch pieces\n ½ onion, cut into wedges\n 3 cloves garlic, peeled\n 1 egg\n 1 tablespoon chili powder\n 1 tablespoon cumin\n 1 teaspoon Thai chili sauce or hot sauce\n ½ cup bread crumbs",
            "method": "Preheat an outdoor grill for high heat. Lightly oil a sheet of aluminum foil with cooking spray.\n Mash black beans in a medium bowl with a fork until thick and pasty\n Finely chop bell pepper, onion, and garlic in a food processor. Stir chopped vegetables into mashed beans.\n Stir together egg, chili powder, cumin, and chili sauce in a small bowl. Add to the mashed beans and stir to combine. Mix in bread crumbs until the mixture is sticky and holds together. Divide the mixture into four patties and place on the prepared foil.\n Grill on the preheated grill for about 8 minutes on each side.",
            "sugar" : "2.1g",
            "fibre" : "9.8g",
            "protein" : "11.2g",
            "salt" : "607.3mg",
            "fat" : "3g",
            "saturates" : "0.7g",
            "carbs" : "33.1"
        },
        {
            "id": "4",
            "image_url": "https://drive.google.com/file/d/1BqeaNBct0WQID5DHGx1cM-Aw075Pm-oF/view?usp=sharing",
            "title": "Mustard Crusted Tilapia",
            "calorie": "181 cal",
            "ingridient": "2 (6 ounce) fresh tilapia fillets\n 1 teaspoon spicy brown mustard\n 1 teaspoon Worcestershire sauce\n ½ teaspoon lemon juice\n ¼ teaspoon garlic powder\n ¼ teaspoon dried oregano\n ½ teaspoon grated Parmesan cheese\n 1 teaspoon fine Italian bread crumbs",
            "method": "Preheat oven to 375 degrees F (190 degrees C). Spray a glass baking dish with cooking spray.\n Place tilapia fillets into prepared baking dish, and bake in preheated oven for 10 minutes. Meanwhile, stir together the mustard, Worcestershire sauce, lemon juice, garlic powder, oregano, and Parmesan cheese.\n When fish has cooked for 10 minutes, spread with herb paste, and sprinkle with bread crumbs. Continue baking for another 5 minutes until the topping is bubbly and golden.",
            "sugar" : "0.5g",
            "fibre" : "0.2g",
            "protein" : "35.1g",
            "salt" : "151.2mg",
            "fat" : "2.6g",
            "saturates" : "0.6g",
            "carbs" : "2g"
        },
        {
            "id": "5",
            "image_url": "https://drive.google.com/file/d/1-3u_jLxj5WETEx4GIWpINl-zCEeSgEkT/view?usp=sharing",
            "title": "Pesto Pasta",
            "calorie": "225 cal",
            "ingridient": "½ cup chopped onion\n 2 ½ tablespoons pesto\n 2 tablespoons olive oil\n 2 tablespoons grated Parmesan cheese\n 1 (16 ounce) package pasta\n salt to taste\n ground black pepper to taste",
            "method": "Cook pasta in a large pot of boiling water until done and drain it.\n Meanwhile, heat the oil in a frying pan over medium low heat. Add pesto, onion, and salt and pepper. Cook about five minutes, or until onions are soft.\n In a large bowl, mix pesto mixture into pasta. Stir in grated cheese",
            "sugar" : "0.4g",
            "fibre" : "2.5g",
            "protein" : "7.8g",
            "salt" : "71.3mg",
            "fat" : "7.2g",
            "saturates" : "1.5g",
            "carbs" : "32g"
        },
        {
            "id": "6",
            "image_url": "https://drive.google.com/file/d/1GZlQiLMs4bjkgwkstTJR0ByXxEwNGD-F/view?usp=sharing",
            "title": "Fluffy French Toast",
            "calorie": "123 cal",
            "ingridient": "¼ cup all-purpose flour\n 1 cup milk\n 3 eggs\n 1 tablespoon white sugar\n 1 teaspoon vanilla extract\n ½ teaspoon ground cinnamon\n 1 pinch salt\n 12 thick slices bread",
            "method": "Measure flour into a large mixing bowl. Slowly whisk in milk. Whisk in eggs, sugar, vanilla extract, cinnamon, and salt until smooth\n Heat a lightly oiled griddle or frying pan over medium heat.\n Soak bread slices in milk mixture until saturated.\n Working in batches, cook bread on the preheated griddle or pan until golden brown on each side. Serve hot.",
            "sugar" : "3.4g",
            "fibre" : "0.8g",
            "protein" : "4.8g",
            "salt" : "230.2mg",
            "fat" : "2.7g",
            "saturates" : "0.9g",
            "carbs" : "19.4g"
        },
        {
            "id": "7",
            "image_url": "https://drive.google.com/file/d/1eeAuasuOTwZOSX9oe3AHapn0KGka59_-/view?usp=sharing",
            "title": "Wonton Soup",
            "calorie": "145 cal",
            "ingridient": "½ pound boneless pork loin, coarsely chopped\n 2 ounces peeled shrimp, finely chopped\n 1 teaspoon brown sugar\n 1 tablespoon Chinese rice wine\n 1 tablespoon light soy sauce\n 1 teaspoon finely chopped green onion\n 1 teaspoon chopped fresh ginger root\n 24 (3.5 inch square) wonton wrappers\n 3 cups chicken stock\n ⅛ cup finely chopped green onion",
            "method": "In a large bowl, combine pork, shrimp, sugar, wine, soy sauce, 1 teaspoon chopped green onion and ginger. Blend well, and let stand for 25 to 30 minutes.\n Place about one teaspoon of the filling at the center of each wonton skin. Moisten all 4 edges of wonton wrapper with water, then pull the top corner down to the bottom, folding the wrapper over the filling to make a triangle. Press edges firmly to make a seal. Bring left and right corners together above the filling. Overlap the tips of these corners, moisten with water and press together. Continue until all wrappers are used.\n FOR SOUP: Bring the chicken stock to a rolling boil. Drop wontons in, and cook for 5 minutes. Garnish with chopped green onion, and serve.",
            "sugar" : "1g",
            "fibre" : "0.5g",
            "protein" : "9.9g",
            "salt" : "588.8mg",
            "fat" : "4.2g",
            "saturates" : "1.3g",
            "carbs" : "15.3g"
        },
        {
            "id": "8",
            "image_url": "https://drive.google.com/file/d/1_1vyyrLGjs4TXi0V9EprZbZaBEnNZK0T/view?usp=sharing",
            "title": "Spicy Lime Grilled Shrimp",
            "calorie": "69 cal",
            "ingridient": "3 tablespoons Cajun seasoning (such as Emeril's Essence®)\n 1 lime, juiced\n 1 tablespoon vegetable oil\n 1 pound peeled and deveined medium shrimp (30-40 per pound)",
            "method": "Mix together the Cajun seasoning, lime juice, and vegetable oil in a resealable plastic bag. Add the shrimp, coat with the marinade, squeeze out excess air, and seal the bag. Marinate in the refrigerator for 20 minutes.\n Preheat an outdoor grill for medium heat, and lightly oil the grate. Remove the shrimp from the marinade, and shake off excess. Discard the remaining marinade.\n Cook the shrimp on the preheated grill until they are bright pink on the outside and the meat is no longer transparent in the center, about 2 minutes per side.",
            "sugar" : "0.1g",
            "fibre" : "0.5g",
            "protein" : "9.5g",
            "salt" : "632.5,g",
            "fat" : "2.3g",
            "saturates" : "0.4g",
            "carbs" : "2.2g"
        },
        {
            "id": "9",
            "image_url": "https://drive.google.com/file/d/1sDPr8slGbNXxeVsF1EFSO7aAFwyQfWPE/view?usp=sharing",
            "title": "Penne with Chicken and Asparagus",
            "calorie": "332 cal",
            "ingridient": "1 (16 ounce) package dried penne pasta\n 5 tablespoons olive oil, divided\n 2 skinless, boneless chicken breast halves - cut into cubes\n salt and pepper to taste\n garlic powder to taste\n ½ cup low-sodium chicken broth\n 1 bunch slender asparagus spears, trimmed, cut on diagonal into 1-inch pieces\n 1 clove garlic, thinly sliced\n ¼ cup Parmesan cheese",
            "method": "Bring a large pot of lightly salted water to boil. Add pasta, and cook until al dente, about 8 to 10 minutes. Drain, and set aside.\n Warm 3 tablespoons olive oil in a large skillet over medium-high heat. Stir in chicken, and season with salt, pepper, and garlic powder. Cook until chicken is cooked through and browned, about 5 minutes. Remove chicken to paper towels.\n Pour chicken broth into the skillet. Then stir in asparagus, garlic, and a pinch more garlic powder, salt, and pepper. Cover, and steam until the asparagus is just tender, about 5 to 10 minutes. Return chicken to the skillet, and warm through.\n Stir chicken mixture into pasta, and mix well. Let sit about 5 minutes. Drizzle with 2 tablespoons olive oil, stir again, then sprinkle with Parmesan cheese.",
            "sugar" : "3g",
            "fibre" : "3.1g",
            "protein" : "16.7g",
            "salt" : "68.7mg",
            "fat" : "10.9",
            "saturates" : "2g",
            "carbs" : "43.3g"
        }
    ]
}